{"cameraMode":{"drawMode":0,"name":"Shaded","section":"Shading Mode"},"sceneLighting":false,"audioPlay":false,"sceneViewState":{"showFog":true,"showMaterialUpdate":false,"showSkybox":false,"showFlares":true,"showImageEffects":true,"showParticleSystems":true},"in2DMode":false,"pivot":{"x":-0.004117116332054138,"y":-0.012482360005378724,"z":0.0028457045555114748},"rotation":{"x":0.04343796893954277,"y":0.8277000188827515,"z":-0.06469091773033142,"w":0.55574631690979},"size":0.1727684587240219,"orthographic":true}