{"cameraMode":{"drawMode":0,"name":"Shaded","section":"Shading Mode"},"sceneLighting":false,"audioPlay":false,"sceneViewState":{"showFog":true,"showMaterialUpdate":false,"showSkybox":false,"showFlares":true,"showImageEffects":true,"showParticleSystems":true},"in2DMode":false,"pivot":{"x":0.00792570412158966,"y":-0.025182798504829408,"z":-0.0017726868391036988},"rotation":{"x":0.04343796893954277,"y":0.8277000188827515,"z":-0.06469091773033142,"w":0.55574631690979},"size":0.16971038281917573,"orthographic":true}