{"cameraMode":{"drawMode":0,"name":"Shaded","section":"Shading Mode"},"sceneLighting":false,"audioPlay":false,"sceneViewState":{"showFog":true,"showMaterialUpdate":false,"showSkybox":false,"showFlares":true,"showImageEffects":true,"showParticleSystems":true},"in2DMode":false,"pivot":{"x":-1.1920928955078126e-7,"y":-0.13350380957126618,"z":0.42994463443756106},"rotation":{"x":0.0933910608291626,"y":-0.7934708595275879,"z":0.12601719796657563,"w":0.5880606174468994},"size":0.7805787920951843,"orthographic":true}